City,Cloudiness,Country,Date,Humidity,Lat,Lng,Max Temp,Wind Speed
ramsgate,47.0,GB,1578861031.0,93.0,51.34,1.42,46.4,11.41
rikitea,4.0,PF,1578860649.0,80.0,-23.12,-134.97,76.51,17.07
kupang,87.0,ID,1578861031.0,78.0,-10.17,123.58,82.85,17.72
hobart,20.0,AU,1578860419.0,62.0,-42.88,147.33,63.0,12.75
kodiak,90.0,US,1578860664.0,86.0,57.79,-152.41,33.8,8.05
mataura,33.0,NZ,1578860649.0,73.0,-46.19,168.86,54.0,7.0
chokurdakh,100.0,RU,1578860689.0,95.0,70.63,147.92,-24.02,2.06
jamestown,90.0,US,1578860659.0,86.0,42.1,-79.24,33.01,11.41
codrington,0.0,AU,1578860652.0,83.0,-38.27,141.97,58.32,16.4
busselton,94.0,AU,1578860654.0,49.0,-33.65,115.33,59.0,12.75
xinyu,0.0,CN,1578861033.0,84.0,27.8,114.93,39.34,1.83
sao jose da coroa grande,22.0,BR,1578861033.0,77.0,-8.9,-35.15,81.32,11.74
ponta do sol,40.0,PT,1578860686.0,67.0,32.67,-17.1,62.6,9.17
saint-philippe,40.0,RE,1578860660.0,83.0,-21.36,55.77,78.8,4.7
saldanha,0.0,ZA,1578860651.0,89.0,-33.01,17.94,66.47,17.67
sungairaya,98.0,ID,1578861034.0,94.0,0.7,108.9,74.52,2.06
bengkulu,90.0,ID,1578860691.0,84.0,-3.8,102.27,73.47,3.38
sept-iles,90.0,CA,1578860706.0,54.0,50.2,-66.38,7.0,5.82
medicine hat,90.0,CA,1578861035.0,57.0,50.05,-110.67,-4.0,13.87
albany,40.0,US,1578860658.0,52.0,42.6,-73.97,50.0,20.8
alofi,75.0,NU,1578860693.0,88.0,-19.06,-169.92,78.8,6.93
vaini,75.0,TO,1578860693.0,83.0,-21.2,-175.2,82.4,10.29
east london,3.0,ZA,1578860649.0,86.0,-33.02,27.91,75.2,7.96
san patricio,40.0,MX,1578860721.0,70.0,19.22,-104.7,87.8,11.41
roma,90.0,US,1578861036.0,92.0,43.21,-75.46,32.0,20.8
torbay,90.0,CA,1578860686.0,78.0,47.67,-52.73,21.0,9.17
harper,6.0,LR,1578860755.0,82.0,4.38,-7.72,78.78,3.24
hermanus,0.0,ZA,1578860653.0,82.0,-34.42,19.23,73.99,3.0
tecoanapa,0.0,MX,1578860653.0,46.0,16.52,-98.75,90.7,10.56
kushima,0.0,JP,1578861037.0,70.0,31.46,131.23,42.01,13.0
cape town,20.0,ZA,1578860544.0,88.0,-33.93,18.42,71.01,12.75
carnarvon,51.0,AU,1578860680.0,69.0,-24.87,113.63,77.0,17.22
ushuaia,75.0,AR,1578860458.0,71.0,-54.8,-68.3,51.8,18.34
cockburn town,40.0,TC,1578860774.0,83.0,21.46,-71.14,77.0,20.8
new norfolk,20.0,AU,1578860653.0,62.0,-42.78,147.06,63.0,11.41
punta arenas,75.0,CL,1578860645.0,63.0,-53.15,-70.92,60.8,18.34
lieksa,32.0,FI,1578861039.0,90.0,63.32,30.02,27.64,8.21
mahebourg,75.0,MU,1578860650.0,78.0,-20.41,57.7,80.6,5.82
leningradskiy,88.0,RU,1578860755.0,99.0,69.38,178.42,-4.38,8.43
san francisco,75.0,US,1578861026.0,62.0,37.77,-122.42,55.99,14.99
victoria,40.0,HK,1578860514.0,59.0,22.29,114.16,64.4,9.17
guayaramerin,75.0,BO,1578861040.0,74.0,-10.84,-65.36,82.4,11.41
atuona,0.0,PF,1578860669.0,77.0,-9.8,-139.03,81.0,17.67
barrow,1.0,US,1578860668.0,69.0,71.29,-156.79,-9.4,10.29
lamar,1.0,US,1578860745.0,75.0,33.67,-95.58,48.2,10.29
bathsheba,75.0,BB,1578860663.0,65.0,13.22,-59.52,82.4,27.51
vestmanna,100.0,FO,1578860694.0,74.0,62.16,-7.17,39.2,19.46
shelburne,75.0,CA,1578861041.0,79.0,44.08,-80.2,25.0,12.75
hilo,90.0,US,1578860447.0,69.0,19.73,-155.09,80.6,4.7
flin flon,90.0,CA,1578861041.0,77.0,54.77,-101.86,5.0,6.93
faanui,100.0,PF,1578860688.0,78.0,-16.48,-151.75,81.19,17.36
tiksi,100.0,RU,1578860661.0,86.0,71.69,128.87,-8.37,11.21
pundaguitan,100.0,PH,1578861042.0,80.0,6.37,126.17,79.65,12.86
taoudenni,0.0,ML,1578860673.0,30.0,22.68,-3.98,57.58,10.22
wamba,7.0,NG,1578861042.0,25.0,8.93,8.6,76.96,3.44
manado,40.0,ID,1578860794.0,100.0,1.49,124.85,75.2,2.24
beisfjord,75.0,NO,1578861043.0,86.0,68.38,17.6,33.8,10.29
sitka,1.0,US,1578860730.0,37.0,57.05,-135.33,19.4,5.82
bluff,64.0,NZ,1578860666.0,73.0,-46.6,168.33,54.0,7.0
salta,75.0,AR,1578861043.0,69.0,-24.79,-65.41,86.0,5.82
pulandian,0.0,CN,1578861043.0,78.0,39.4,121.97,12.2,2.24
phan thiet,27.0,VN,1578860796.0,89.0,10.93,108.1,66.18,1.86
morehead,90.0,US,1578861044.0,75.0,37.27,-87.18,43.0,5.3
caravelas,0.0,BR,1578860677.0,83.0,-17.71,-39.25,80.04,16.93
georgetown,20.0,MY,1578860676.0,94.0,5.41,100.34,80.01,2.57
bredasdorp,20.0,ZA,1578860660.0,82.0,-34.53,20.04,69.01,3.0
ust-tsilma,100.0,RU,1578860674.0,96.0,65.44,52.15,27.54,7.67
mar del plata,0.0,AR,1578860764.0,56.0,-38.0,-57.56,68.0,16.11
esperance,90.0,AU,1578860515.0,72.0,-33.87,121.9,64.4,12.75
lavrentiya,100.0,RU,1578860653.0,95.0,65.58,-171.0,15.48,9.1
ipilan,57.0,PH,1578861046.0,91.0,8.84,117.9,72.3,3.53
ribeira grande,40.0,PT,1578860682.0,62.0,38.52,-28.7,57.2,14.99
gua musang,100.0,MY,1578861046.0,97.0,4.88,101.96,69.84,1.3
buraydah,72.0,SA,1578860714.0,37.0,26.33,43.98,42.8,2.24
vao,60.0,NC,1578860754.0,79.0,-22.67,167.48,77.81,21.16
lebu,0.0,CL,1578860662.0,61.0,-37.62,-73.65,67.57,9.35
hofn,40.0,IS,1578860697.0,68.0,64.25,-15.21,28.4,8.05
kondopoga,91.0,RU,1578861047.0,93.0,62.21,34.26,35.6,13.42
ovalle,0.0,CL,1578860852.0,25.0,-30.6,-71.2,81.7,11.01
aklavik,5.0,CA,1578860724.0,67.0,68.22,-135.01,-7.6,5.82
nara,20.0,JP,1578860838.0,60.0,34.69,135.8,46.4,5.82
port elizabeth,75.0,ZA,1578860694.0,88.0,-33.92,25.57,71.6,2.24
kulhudhuffushi,31.0,MV,1578860724.0,72.0,6.62,73.07,81.19,13.2
arraial do cabo,75.0,BR,1578860670.0,79.0,-22.97,-42.03,84.2,14.99
hasaki,75.0,JP,1578860650.0,100.0,35.73,140.83,37.0,1.12
rio grande,0.0,BR,1578860686.0,29.0,-32.03,-52.1,91.4,8.05
kaitangata,34.0,NZ,1578860655.0,55.0,-46.28,169.85,55.99,15.01
guane,30.0,CU,1578861050.0,75.0,22.2,-84.09,80.11,16.46
staunton,1.0,US,1578860864.0,45.0,38.15,-79.07,64.99,6.93
broken hill,0.0,AU,1578861050.0,36.0,-31.95,141.43,60.8,4.7
kapaa,75.0,US,1578860650.0,83.0,22.08,-159.32,75.2,13.87
gorontalo,100.0,ID,1578861051.0,89.0,0.54,123.06,75.09,2.24
nador,0.0,MA,1578861051.0,81.0,35.17,-2.93,51.8,2.24
shilong,75.0,CN,1578861051.0,59.0,23.11,113.84,63.0,8.95
synya,100.0,RU,1578861051.0,90.0,65.37,58.04,18.27,14.79
takapau,67.0,NZ,1578861052.0,63.0,-40.03,176.35,72.0,1.99
saskylakh,100.0,RU,1578860712.0,98.0,71.92,114.08,-3.05,4.32
champerico,20.0,GT,1578860707.0,44.0,14.3,-91.92,93.2,6.93
hithadhoo,100.0,MV,1578860652.0,73.0,-0.6,73.08,82.58,10.58
atar,0.0,MR,1578860706.0,19.0,20.52,-13.05,59.85,8.93
perama,40.0,GR,1578861053.0,76.0,37.98,23.58,51.8,4.7
mehamn,90.0,NO,1578861053.0,86.0,71.04,27.85,28.4,13.87
katsuura,75.0,JP,1578860700.0,81.0,35.13,140.3,42.8,6.93
qaanaaq,0.0,GL,1578860678.0,45.0,77.48,-69.36,-10.59,1.7
kashi,75.0,CN,1578861053.0,68.0,39.45,75.98,24.8,2.24
sivas,75.0,TR,1578861054.0,100.0,39.79,37.0,26.6,13.87
saqqez,89.0,IR,1578861054.0,71.0,36.25,46.27,20.64,8.08
progreso,75.0,MX,1578861051.0,55.0,21.28,-89.67,87.8,13.87
the pas,90.0,CA,1578861054.0,84.0,53.83,-101.25,5.0,13.87
cabo san lucas,90.0,MX,1578860660.0,64.0,22.89,-109.91,75.0,3.36
kahului,90.0,US,1578860739.0,88.0,20.89,-156.47,73.4,20.8
opuwo,96.0,NA,1578861055.0,34.0,-18.06,13.84,71.22,7.4
jalesar,0.0,IN,1578861055.0,49.0,27.48,78.32,53.62,2.91
clyde river,75.0,CA,1578860661.0,75.0,70.47,-68.59,-14.8,16.11
te anau,2.0,NZ,1578861056.0,62.0,-45.42,167.72,48.52,4.41
tahe,0.0,CN,1578860706.0,87.0,52.33,124.73,-5.75,4.45
skibbereen,75.0,IE,1578860679.0,86.0,51.55,-9.27,39.2,10.29
mandera,32.0,KE,1578861056.0,52.0,3.94,41.87,85.62,10.98
mega,23.0,ET,1578861057.0,70.0,4.05,38.3,67.66,4.99
lazaro cardenas,0.0,MX,1578860650.0,52.0,17.96,-102.2,86.13,8.52
cayenne,75.0,GF,1578860736.0,74.0,4.93,-52.33,82.4,12.75
krasnaya gora,90.0,RU,1578861057.0,86.0,53.0,31.6,33.8,13.42
dikson,100.0,RU,1578860654.0,96.0,73.51,80.55,-9.69,16.22
chuy,0.0,UY,1578860649.0,52.0,-33.7,-53.46,73.24,14.79
castro,85.0,BR,1578860658.0,92.0,-24.79,-50.01,72.64,6.58
saint-joseph,40.0,RE,1578860775.0,83.0,-21.37,55.62,78.8,4.7
vila velha,20.0,BR,1578860415.0,74.0,-20.33,-40.29,89.01,14.99
ulaangom,100.0,MN,1578861059.0,95.0,49.98,92.07,-14.08,1.99
upernavik,34.0,GL,1578860673.0,63.0,72.79,-56.15,-9.45,5.99
bulembu,59.0,SZ,1578861059.0,93.0,-25.97,31.13,77.0,2.24
warrnambool,0.0,AU,1578861059.0,95.0,-38.38,142.48,55.0,10.27
cap malheureux,75.0,MU,1578860718.0,78.0,-19.98,57.61,80.6,5.82
marienburg,90.0,PL,1578861060.0,93.0,54.04,19.03,39.0,12.75
longyearbyen,20.0,SJ,1578860714.0,53.0,78.22,15.64,-2.2,9.17
pedernales,40.0,DO,1578860743.0,66.0,18.04,-71.74,86.0,18.34
luderitz,0.0,NA,1578860661.0,84.0,-26.65,15.16,65.98,26.78
coihaique,20.0,CL,1578860695.0,39.0,-45.58,-72.07,78.8,4.7
tuatapere,85.0,NZ,1578860684.0,73.0,-46.13,167.68,54.0,7.0
namatanai,100.0,PG,1578860750.0,80.0,-3.67,152.43,81.72,8.08
itaueira,13.0,BR,1578861062.0,68.0,-7.6,-43.03,81.39,4.16
lata,96.0,PT,1578860717.0,93.0,40.16,-8.33,51.01,2.24
kiunga,98.0,PG,1578861062.0,99.0,-6.12,141.29,73.96,2.15
petropavlovsk-kamchatskiy,92.0,RU,1578860672.0,85.0,53.05,158.65,12.2,6.71
avera,90.0,US,1578860715.0,84.0,33.19,-82.53,66.2,0.07
buenos aires,64.0,AR,1578860904.0,44.0,-34.61,-58.38,88.0,20.8
nouadhibou,0.0,MR,1578860696.0,56.0,20.93,-17.03,68.0,13.87
sete,99.0,FR,1578861063.0,86.0,43.4,3.7,43.0,4.7
abu samrah,91.0,SY,1578861063.0,87.0,35.3,37.18,48.6,9.04
port macquarie,90.0,AU,1578860575.0,77.0,-31.43,152.92,69.01,6.93
soyo,20.0,AO,1578861064.0,78.0,-6.13,12.37,82.4,5.82
bilma,24.0,NE,1578860714.0,15.0,18.69,12.92,69.64,10.36
grindavik,90.0,IS,1578860712.0,100.0,63.84,-22.43,28.4,50.55
yellowknife,20.0,CA,1578860652.0,65.0,62.46,-114.35,-38.2,3.36
acarau,84.0,BR,1578860761.0,77.0,-2.89,-40.12,79.03,7.14
komsomolskiy,75.0,UZ,1578860702.0,80.0,40.43,71.72,35.6,2.24
nakambala,100.0,ZM,1578861065.0,93.0,-15.83,27.78,66.4,2.37
hobyo,4.0,SO,1578861065.0,76.0,5.35,48.53,78.03,19.13
half moon bay,40.0,US,1578861065.0,71.0,37.46,-122.43,55.99,10.29
waggaman,90.0,US,1578861066.0,82.0,29.92,-90.21,62.6,6.93
luanda,20.0,AO,1578861066.0,74.0,-8.84,13.23,80.6,5.82
garden city,75.0,US,1578860777.0,74.0,42.33,-83.33,30.99,4.7
borogontsy,0.0,RU,1578860660.0,98.0,62.67,131.17,-30.24,2.93
ayna,40.0,PE,1578861067.0,36.0,-12.65,-73.92,75.2,6.93
tambovka,23.0,RU,1578861067.0,77.0,50.1,128.05,-0.4,4.47
khatanga,100.0,RU,1578860645.0,89.0,71.97,102.5,-0.89,14.74
constitucion,54.0,CL,1578861067.0,70.0,-35.33,-72.42,65.12,11.36
ayagoz,100.0,KZ,1578861068.0,94.0,47.97,80.44,15.6,2.75
savannah bight,0.0,HN,1578861068.0,77.0,16.45,-85.85,80.69,25.46
uyuni,20.0,BO,1578861068.0,32.0,-20.46,-66.83,64.18,3.76
puerto ayora,20.0,EC,1578860663.0,55.0,-0.74,-90.35,86.0,19.46
santa rosa,75.0,PH,1578860450.0,94.0,14.31,121.11,77.0,2.24
tuy hoa,79.0,VN,1578860736.0,78.0,13.08,109.3,75.34,16.58
saint george,20.0,US,1578860618.0,48.0,37.1,-113.58,46.99,3.49
itarema,84.0,BR,1578860685.0,77.0,-2.92,-39.92,79.03,7.14
foam lake,100.0,CA,1578861022.0,93.0,51.65,-103.53,8.78,2.73
port lincoln,0.0,AU,1578860700.0,68.0,-34.73,135.87,67.87,7.02
asau,0.0,RO,1578861070.0,82.0,46.43,26.4,32.0,6.93
tasiilaq,100.0,GL,1578860659.0,62.0,65.61,-37.64,24.8,17.22
gorshechnoye,63.0,RU,1578861070.0,80.0,51.52,38.04,26.87,12.15
teya,90.0,RU,1578861071.0,94.0,60.38,92.63,-1.03,6.24
palmer,20.0,US,1578861071.0,41.0,42.16,-72.33,69.8,21.92
nikolskoye,75.0,RU,1578860656.0,93.0,59.7,30.79,41.0,8.95
ust-kuyga,2.0,RU,1578861071.0,99.0,70.02,135.6,-35.45,9.42
letnica,90.0,PL,1578861072.0,78.0,51.9,15.33,41.0,16.11
redlands,5.0,US,1578860992.0,50.0,34.06,-117.18,64.4,5.82
melo,0.0,UY,1578861072.0,31.0,-32.37,-54.18,88.56,16.11
nome,90.0,US,1578861072.0,85.0,64.5,-165.41,15.8,19.46
sao joao da barra,40.0,BR,1578860763.0,70.0,-21.64,-41.05,86.0,13.87
ha tinh,100.0,VN,1578860958.0,85.0,18.33,105.9,68.85,4.68
kloulklubed,75.0,PW,1578860698.0,88.0,7.04,134.26,78.8,6.93
placido de castro,91.0,BR,1578861073.0,59.0,-10.34,-67.19,88.7,4.21
cidreira,0.0,BR,1578860694.0,69.0,-30.18,-50.21,77.56,7.31
seoul,1.0,KR,1578860995.0,79.0,37.57,126.98,30.2,8.3
treinta y tres,0.0,UY,1578861074.0,41.0,-33.23,-54.38,82.99,24.45
uspenka,55.0,UA,1578861074.0,94.0,48.39,39.16,25.48,4.92
verkh-usugli,0.0,RU,1578861074.0,84.0,52.7,115.17,-8.59,2.48
narsaq,0.0,GL,1578860696.0,38.0,60.92,-46.05,3.2,8.05
lumeje,65.0,AO,1578861075.0,81.0,-11.55,20.78,68.25,6.29
svetlogorsk,100.0,BY,1578861075.0,88.0,52.63,29.73,32.81,13.51
grenville,40.0,GD,1578861075.0,66.0,12.12,-61.62,84.2,20.8
saint-augustin,100.0,CA,1578861076.0,71.0,51.23,-58.65,9.48,21.56
plouzane,100.0,FR,1578861076.0,81.0,48.38,-4.62,48.2,11.41
ancud,75.0,CL,1578860661.0,56.0,-41.87,-73.82,73.4,8.05
loikaw,0.0,MM,1578861076.0,67.0,19.67,97.21,53.19,0.72
karratha,86.0,AU,1578860430.0,67.0,-20.74,116.85,87.85,15.19
lorengau,100.0,PG,1578860744.0,79.0,-2.02,147.27,83.95,16.82
bandipur,0.0,NP,1578861077.0,86.0,27.93,84.42,48.67,1.9
mbandaka,0.0,CD,1578861077.0,65.0,0.05,18.26,74.48,2.06
murrhardt,100.0,DE,1578861077.0,82.0,48.98,9.57,41.0,9.17
manggar,100.0,ID,1578860656.0,80.0,-2.88,108.27,81.37,14.56
esna,0.0,EG,1578861078.0,58.0,25.29,32.55,57.2,6.24
leirvik,20.0,NO,1578861078.0,70.0,59.78,5.5,42.8,17.22
ternate,100.0,ID,1578861078.0,91.0,0.8,127.4,76.23,4.03
murakeresztur,0.0,HU,1578861078.0,100.0,46.36,16.88,28.4,3.36
barcelos,81.0,PT,1578861079.0,100.0,41.54,-8.62,45.0,1.97
norman wells,20.0,CA,1578860648.0,75.0,65.28,-126.83,-18.4,2.04
cherskiy,100.0,RU,1578860716.0,98.0,68.75,161.3,-6.99,6.58
kholodnyy,100.0,RU,1578861079.0,99.0,62.72,147.95,-23.21,2.21
eyemouth,33.0,GB,1578861080.0,86.0,55.87,-2.09,39.99,6.93
lityn,66.0,UA,1578861080.0,87.0,49.33,28.08,31.53,10.98
kalabo,100.0,ZM,1578861080.0,78.0,-14.97,22.68,71.44,5.55
itoman,40.0,JP,1578861080.0,55.0,26.12,127.67,60.8,6.93
bireun,57.0,ID,1578861081.0,90.0,5.2,96.7,66.79,2.08
fairbanks,40.0,US,1578860859.0,69.0,64.84,-147.72,-32.8,2.95
norwich,0.0,GB,1578860993.0,93.0,52.63,1.3,43.0,6.93
auki,100.0,SB,1578861081.0,77.0,-8.77,160.7,84.45,22.21
provideniya,90.0,RU,1578860659.0,80.0,64.38,-173.3,30.2,22.37
bonthe,3.0,SL,1578861082.0,84.0,7.53,-12.51,79.57,7.09
marsh harbour,0.0,BS,1578861082.0,77.0,26.54,-77.06,74.97,17.69
kununurra,52.0,AU,1578860673.0,94.0,-15.77,128.73,78.8,3.36
poole,99.0,GB,1578861082.0,86.0,50.72,-2.0,46.0,3.36
naliya,71.0,IN,1578861082.0,84.0,23.27,68.83,69.06,16.15
salalah,9.0,OM,1578860715.0,24.0,17.02,54.09,68.0,13.87
nanakuli,90.0,US,1578861083.0,88.0,21.39,-158.15,75.2,11.41
tuktoyaktuk,5.0,CA,1578860692.0,75.0,69.45,-133.04,-18.4,6.93
deputatskiy,0.0,RU,1578861083.0,88.0,69.3,139.9,-27.76,3.89
cove,0.0,BJ,1578861083.0,77.0,7.22,2.34,79.47,4.79
butaritari,80.0,KI,1578860669.0,77.0,3.07,172.79,83.53,14.9
romitan,90.0,UZ,1578861084.0,80.0,39.93,64.38,30.2,9.17
hami,0.0,CN,1578860715.0,41.0,42.8,93.45,15.94,0.87
saint-pierre,40.0,RE,1578861084.0,83.0,-21.34,55.48,78.8,4.7
merauke,100.0,ID,1578861084.0,90.0,-8.47,140.33,77.49,5.64
gashua,77.0,NG,1578861085.0,25.0,12.87,11.05,75.22,8.68
huarmey,5.0,PE,1578860765.0,56.0,-10.07,-78.15,78.04,10.38
morant bay,20.0,JM,1578861085.0,62.0,17.88,-76.41,86.0,29.97
rawah,93.0,IQ,1578860732.0,69.0,34.48,41.91,49.89,6.44
pevek,100.0,RU,1578860688.0,96.0,69.7,170.31,-2.18,5.77
preobrazheniye,1.0,RU,1578861086.0,57.0,42.9,133.91,8.15,6.49
mahanje,99.0,TZ,1578861086.0,96.0,-9.93,35.33,64.9,2.51
aguimes,33.0,ES,1578861086.0,55.0,27.91,-15.45,64.99,6.93
rio tuba,99.0,PH,1578861087.0,79.0,8.51,117.43,77.49,4.92
sao filipe,35.0,CV,1578860687.0,71.0,14.9,-24.5,69.08,16.6
la cabima,40.0,PA,1578861088.0,52.0,9.13,-79.53,91.99,14.99
plattsburgh,90.0,US,1578861088.0,92.0,44.7,-73.45,26.01,16.11
niteroi,75.0,BR,1578861088.0,62.0,-22.88,-43.1,87.8,9.17
iskateley,100.0,RU,1578861088.0,95.0,67.68,53.15,22.37,11.77
touros,3.0,BR,1578860704.0,69.0,-5.2,-35.46,82.4,13.87
arak,99.0,IR,1578861089.0,52.0,34.09,49.69,27.34,6.6
lubao,75.0,PH,1578861089.0,88.0,14.92,120.55,77.0,2.24
bethel,1.0,US,1578860398.0,36.0,41.37,-73.41,68.0,14.99
iracoubo,1.0,GF,1578861090.0,80.0,5.48,-53.2,79.5,18.37
avarua,45.0,CK,1578860654.0,74.0,-21.21,-159.78,82.4,13.87
paamiut,31.0,GL,1578860745.0,45.0,61.99,-49.67,7.81,7.38
thompson,90.0,CA,1578860758.0,77.0,55.74,-97.86,-2.2,4.7
novosheshminsk,100.0,RU,1578861090.0,86.0,55.07,51.23,22.23,19.75
sur,0.0,OM,1578861091.0,49.0,22.57,59.53,64.22,10.07
makakilo city,90.0,US,1578860765.0,88.0,21.35,-158.09,75.2,11.41
cuenca,75.0,EC,1578861091.0,49.0,-2.88,-78.98,69.8,9.17
rosarito,1.0,MX,1578860943.0,55.0,32.33,-117.03,64.0,5.82
astana,90.0,KZ,1578861091.0,76.0,51.18,71.45,-4.0,4.47
moose factory,1.0,CA,1578860679.0,77.0,51.26,-80.61,-2.2,8.05
sapele,48.0,NG,1578861092.0,79.0,5.89,5.68,80.6,5.5
seaside,1.0,US,1578860810.0,50.0,36.61,-121.85,55.99,5.82
dickinson,75.0,US,1578861092.0,62.0,29.46,-95.05,62.01,7.0
puerto leguizamo,22.0,CO,1578861093.0,41.0,-0.19,-74.78,89.24,5.86
valvedditturai,0.0,LK,1578861093.0,74.0,9.82,80.17,78.22,14.76
urumqi,44.0,CN,1578860656.0,84.0,43.8,87.6,-2.2,2.24
husavik,40.0,IS,1578861093.0,73.0,66.04,-17.34,23.0,17.22
skjervoy,20.0,NO,1578861093.0,74.0,70.03,20.97,37.4,12.75
rawson,0.0,AR,1578861037.0,55.0,-43.3,-65.1,69.76,14.09
port alfred,20.0,ZA,1578860657.0,93.0,-33.59,26.89,71.01,8.03
palu,100.0,ID,1578861094.0,89.0,-0.89,119.87,66.42,2.55
santa cruz,75.0,BO,1578860457.0,62.0,-17.8,-63.17,89.6,14.99
anadyr,40.0,RU,1578860687.0,92.0,64.75,177.48,24.8,2.24
baruun-urt,0.0,MN,1578861094.0,82.0,46.68,113.28,-8.03,7.63
rio gallegos,75.0,AR,1578860734.0,49.0,-51.62,-69.22,68.0,10.29
lagos,0.0,NG,1578860810.0,88.0,6.58,3.75,80.6,8.05
kropotkin,83.0,RU,1578861095.0,80.0,45.44,40.58,33.01,4.97
talara,0.0,PE,1578861095.0,100.0,-4.58,-81.27,62.6,11.41
troitsko-pechorsk,100.0,RU,1578861096.0,93.0,62.71,56.2,22.17,12.44
gamba,44.0,GA,1578861096.0,83.0,-2.65,10.0,78.28,3.42
westport,1.0,US,1578860657.0,32.0,41.14,-73.36,68.0,20.8
naze,20.0,JP,1578860917.0,59.0,28.37,129.48,60.8,13.87
oakdale,1.0,US,1578861096.0,67.0,44.96,-92.96,21.2,6.93
lowestoft,0.0,GB,1578861005.0,93.0,52.48,1.75,44.01,6.93
san juan,66.0,AR,1578861097.0,30.0,-31.54,-68.54,94.12,5.7
alice springs,97.0,AU,1578860406.0,21.0,-23.7,133.88,78.8,5.82
pangnirtung,40.0,CA,1578860710.0,67.0,66.15,-65.71,-22.0,2.46
fortuna,75.0,US,1578860495.0,93.0,40.6,-124.16,48.99,9.17
buckeye,1.0,US,1578861098.0,29.0,33.37,-112.58,64.0,8.05
bambous virieux,75.0,MU,1578860687.0,78.0,-20.34,57.76,80.6,5.82
patur,0.0,IN,1578861098.0,36.0,20.45,76.93,63.95,4.0
olen,66.0,BE,1578861098.0,87.0,51.13,4.83,48.99,6.93
hirara,100.0,JP,1578861099.0,74.0,24.8,125.28,64.81,19.39
bezhetsk,100.0,RU,1578861099.0,92.0,57.79,36.7,37.67,12.08
lardos,20.0,GR,1578861099.0,81.0,36.09,28.02,59.0,2.24
airai,94.0,TL,1578860661.0,80.0,-8.93,125.41,66.96,4.32
vostok,99.0,RU,1578861099.0,97.0,46.49,135.88,-6.39,3.8
biak,100.0,ID,1578861100.0,78.0,-0.91,122.88,80.49,3.13
tura,0.0,IN,1578860776.0,77.0,25.52,90.22,56.77,4.34
sioux lookout,75.0,CA,1578861100.0,65.0,50.1,-91.92,8.6,6.93
north bend,75.0,US,1578860773.0,87.0,43.41,-124.22,50.0,14.99
guerrero negro,84.0,MX,1578860703.0,55.0,27.98,-114.06,64.56,9.31
bandarbeyla,76.0,SO,1578860685.0,79.0,9.49,50.81,78.21,25.52
atakpame,84.0,TG,1578861101.0,48.0,7.53,1.13,84.15,4.43
san isidro,8.0,PE,1578861101.0,69.0,-12.12,-77.05,77.0,11.41
benghazi,3.0,LY,1578860993.0,54.0,32.12,20.07,56.59,13.09
poum,100.0,NC,1578860700.0,78.0,-20.23,164.02,79.84,23.71
chapais,90.0,CA,1578860715.0,70.0,49.78,-74.85,-2.2,12.75
broome,1.0,US,1578860705.0,60.0,42.25,-75.83,44.01,12.75
kysyl-syr,100.0,RU,1578861102.0,98.0,63.9,122.76,-5.03,4.43
zabaykalsk,0.0,RU,1578861102.0,75.0,49.63,117.32,-10.55,1.32
jinji,94.0,CN,1578861103.0,58.0,23.23,110.83,57.74,2.48
sistranda,40.0,NO,1578861103.0,93.0,63.73,8.83,35.6,26.4
severo-kurilsk,100.0,RU,1578860657.0,97.0,50.68,156.12,25.48,13.27
yar-sale,19.0,RU,1578860653.0,94.0,66.83,70.83,-6.14,16.98
chumphon,42.0,TH,1578861104.0,97.0,10.33,98.83,71.22,1.72
goderich,100.0,CA,1578861104.0,86.0,43.75,-81.72,30.99,1.01
montepuez,100.0,MZ,1578861104.0,93.0,-13.13,39.0,72.41,1.03
klaksvik,99.0,FO,1578860693.0,68.0,62.23,-6.59,39.2,19.46
beringovskiy,100.0,RU,1578860683.0,84.0,63.05,179.32,24.48,8.14
lac du bonnet,99.0,CA,1578861105.0,73.0,50.25,-96.06,15.01,5.01
linhai,2.0,CN,1578861105.0,97.0,28.85,121.12,30.99,0.67
san quintin,100.0,MX,1578860751.0,64.0,30.48,-115.95,60.6,9.24
tautira,75.0,PF,1578861106.0,70.0,-17.73,-149.15,84.2,5.82
zhigalovo,1.0,RU,1578861106.0,100.0,54.81,105.16,-13.56,1.43
matara,35.0,LK,1578861106.0,86.0,5.95,80.54,71.19,5.64
benxi,2.0,CN,1578861106.0,76.0,41.29,123.77,-5.8,2.24
velyka lepetykha,24.0,UA,1578861106.0,76.0,47.18,33.94,31.1,3.76
birao,0.0,CF,1578861107.0,17.0,10.28,22.79,63.03,8.9
porto novo,20.0,BJ,1578861107.0,83.0,6.5,2.6,84.2,6.93
geraldton,0.0,AU,1578860674.0,82.0,-28.77,114.6,68.0,13.87
lanzhou,60.0,CN,1578861107.0,91.0,36.06,103.79,19.99,4.47
oriximina,81.0,BR,1578860707.0,60.0,-1.77,-55.87,85.1,7.2
muzhi,100.0,RU,1578860694.0,90.0,65.37,64.67,14.52,11.25
cabinda,20.0,AO,1578861108.0,78.0,-5.55,12.2,82.4,5.82
labuhan,100.0,ID,1578861108.0,93.0,-6.88,112.21,73.9,6.29
pangody,0.0,RU,1578860720.0,89.0,65.85,74.49,-13.36,11.56
kralendijk,75.0,BQ,1578861109.0,66.0,12.15,-68.27,84.2,19.46
alghero,5.0,IT,1578861109.0,100.0,40.56,8.32,45.0,4.7
orcopampa,100.0,PE,1578861109.0,73.0,-15.27,-72.34,44.29,11.05
grants pass,40.0,US,1578860848.0,87.0,42.44,-123.33,46.0,3.06
otradnoye,75.0,RU,1578861110.0,93.0,59.78,30.82,41.0,8.95
roald,40.0,NO,1578861110.0,68.0,62.58,6.13,37.99,28.86
san cristobal,40.0,VE,1578860617.0,52.0,7.77,-72.22,87.8,13.87
elizabeth city,75.0,US,1578861110.0,78.0,36.29,-76.25,73.4,4.7
neuquen,20.0,AR,1578861110.0,20.0,-38.95,-68.06,96.8,6.93
uige,5.0,AO,1578861111.0,95.0,-7.61,15.06,66.29,1.72
namtsy,0.0,RU,1578861111.0,65.0,62.72,129.67,-38.2,3.69
port blair,0.0,IN,1578860582.0,74.0,11.67,92.75,77.7,12.71
seymour,90.0,US,1578860954.0,86.0,38.96,-85.89,42.01,3.62
tongliao,26.0,CN,1578861112.0,84.0,43.61,122.27,-3.51,7.34
ambilobe,100.0,MG,1578860725.0,90.0,-13.2,49.05,75.07,8.08
rio casca,34.0,BR,1578861112.0,76.0,-20.23,-42.65,80.33,4.52
waipawa,100.0,NZ,1578861112.0,93.0,-41.41,175.52,57.2,13.87
wilmington,90.0,US,1578861058.0,94.0,34.23,-77.94,75.2,13.87
pecos,1.0,US,1578861113.0,12.0,31.42,-103.49,68.0,9.17
nurota,90.0,UZ,1578861113.0,86.0,40.56,65.69,28.4,11.41
takoradi,57.0,GH,1578860423.0,77.0,4.88,-1.76,80.37,2.82
shitanjing,11.0,CN,1578861113.0,77.0,39.23,106.34,12.54,2.51
kruisfontein,28.0,ZA,1578860674.0,96.0,-34.0,24.73,65.88,0.87
bambanglipuro,100.0,ID,1578861114.0,93.0,-7.95,110.28,72.64,3.27
fez,0.0,MA,1578861114.0,75.0,34.04,-5.0,44.6,9.17
port-gentil,20.0,GA,1578860652.0,88.0,-0.72,8.78,80.6,3.36
gumdag,100.0,TM,1578860724.0,56.0,39.21,54.59,41.18,9.48
vardo,75.0,NO,1578860678.0,80.0,70.37,31.11,30.2,19.46
turukhansk,100.0,RU,1578861115.0,95.0,65.82,87.98,5.13,9.53
marsabit,79.0,KE,1578860729.0,48.0,2.33,37.99,81.72,11.54
manturovo,100.0,RU,1578861115.0,91.0,58.34,44.76,31.86,13.94
yumen,94.0,CN,1578860734.0,65.0,40.28,97.2,14.0,14.38
kumluca,0.0,TR,1578861116.0,56.0,36.37,30.29,47.37,3.78
necochea,0.0,AR,1578861116.0,67.0,-38.55,-58.74,66.0,8.01
tikrit,98.0,IQ,1578861116.0,67.0,34.61,43.68,49.26,3.87
marck,90.0,FR,1578861116.0,93.0,50.95,1.94,48.2,5.82
sola,100.0,VU,1578860730.0,82.0,-13.88,167.55,81.72,13.94
souillac,75.0,MU,1578860669.0,78.0,-20.52,57.52,80.6,5.82
umm lajj,0.0,SA,1578861117.0,35.0,25.02,37.27,56.21,4.52
lompoc,1.0,US,1578860681.0,62.0,34.64,-120.46,63.0,18.34
mamontovo,100.0,RU,1578861118.0,96.0,52.71,81.62,13.57,6.2
salinas,1.0,US,1578860879.0,71.0,36.68,-121.66,55.99,10.49
gewane,90.0,ET,1578861118.0,47.0,10.17,40.65,78.26,6.62
vila franca do campo,40.0,PT,1578860696.0,71.0,37.72,-25.43,55.4,8.05
ostrovnoy,100.0,RU,1578860463.0,94.0,68.05,39.51,26.69,19.39
oranjemund,8.0,NA,1578861119.0,95.0,-28.55,16.43,63.3,9.35
bud,90.0,US,1578861119.0,79.0,39.45,-86.18,39.0,6.93
iwanai,100.0,JP,1578861119.0,86.0,42.97,140.51,21.43,5.03
havre-saint-pierre,90.0,CA,1578861119.0,54.0,50.23,-63.6,5.0,11.41
tutoia,75.0,BR,1578861120.0,74.0,-2.76,-42.27,86.0,14.99
muros,20.0,ES,1578860767.0,93.0,42.78,-9.06,53.01,3.36
praia,64.0,CV,1578861120.0,64.0,14.92,-23.51,71.6,13.87
chicama,20.0,PE,1578861120.0,83.0,-7.84,-79.15,71.6,11.41
cairns,3.0,AU,1578861120.0,88.0,-16.92,145.77,75.99,8.05
killybegs,20.0,IE,1578861121.0,70.0,54.63,-8.45,42.8,18.34
bubaque,7.0,GW,1578860770.0,57.0,11.28,-15.83,79.21,14.85
kungsbacka,90.0,SE,1578861121.0,93.0,57.49,12.08,41.0,9.17
ilulissat,100.0,GL,1578860652.0,36.0,69.22,-51.1,-2.2,2.24
usak,21.0,TR,1578861121.0,81.0,38.5,29.42,34.57,6.76
nanortalik,0.0,GL,1578860693.0,53.0,60.14,-45.24,16.16,22.95
great yarmouth,0.0,GB,1578861122.0,93.0,52.61,1.73,43.0,6.93
ahipara,76.0,NZ,1578860722.0,95.0,-35.17,173.17,71.01,3.04
altay,100.0,CN,1578861122.0,93.0,47.87,88.12,8.46,4.07
santiago del estero,99.0,AR,1578861122.0,46.0,-27.8,-64.26,92.28,8.88
orocue,8.0,CO,1578861123.0,36.0,4.79,-71.34,91.4,14.29
kavieng,100.0,PG,1578860664.0,78.0,-2.57,150.8,83.59,12.46
lulea,0.0,SE,1578861123.0,80.0,65.58,22.15,30.2,11.41
maceio,40.0,BR,1578860431.0,66.0,-9.67,-35.74,84.2,13.87
svobodnyy,0.0,RU,1578861007.0,95.0,51.4,128.13,-9.94,6.8
de-kastri,100.0,RU,1578861124.0,82.0,51.47,140.78,5.95,8.95
ust-barguzin,0.0,RU,1578861124.0,91.0,53.45,108.98,-9.13,5.46
truckee,90.0,US,1578861002.0,50.0,39.33,-120.18,46.99,5.82
doha,0.0,QA,1578860838.0,44.0,25.29,51.53,60.8,9.17
la orilla,0.0,MX,1578861124.0,52.0,17.98,-102.23,86.13,8.52
faya,0.0,SA,1578860760.0,42.0,18.39,42.45,48.2,4.7
demirci,47.0,TR,1578861125.0,89.0,39.05,28.66,33.58,5.88
goure,95.0,NE,1578861125.0,25.0,13.98,10.27,74.59,7.56
sibenik,0.0,HR,1578861125.0,52.0,43.73,15.91,44.6,5.82
tongren,0.0,CN,1578861125.0,94.0,27.72,109.19,37.49,2.89
fuxin,0.0,CN,1578860662.0,71.0,42.02,121.66,4.91,3.51
crib point,0.0,AU,1578861126.0,87.0,-38.35,145.2,57.0,9.31
acapulco,5.0,MX,1578861068.0,66.0,16.86,-99.89,87.8,6.93
ures,91.0,MX,1578861126.0,21.0,29.43,-110.4,73.99,4.0
benemerito de las americas,86.0,MX,1578861126.0,94.0,16.52,-90.64,75.79,1.07
pudozh,100.0,RU,1578860682.0,84.0,61.81,36.53,33.84,12.21
belyy yar,20.0,RU,1578860754.0,76.0,53.6,91.39,-11.2,0.81
coquimbo,40.0,CL,1578860586.0,68.0,-29.95,-71.34,66.2,13.87
mana,49.0,GF,1578861127.0,77.0,5.66,-53.78,78.42,6.11
zonguldak,100.0,TR,1578861128.0,98.0,41.25,31.83,35.67,0.96
riyadh,0.0,SA,1578860931.0,61.0,24.69,46.72,46.4,2.24
premia de mar,8.0,ES,1578861128.0,80.0,41.49,2.37,50.0,3.36
sawtell,96.0,AU,1578861128.0,72.0,-30.38,153.1,68.0,11.41
kaeo,77.0,NZ,1578861128.0,66.0,-35.1,173.78,68.0,1.99
tandil,0.0,AR,1578860913.0,21.0,-37.32,-59.13,84.99,4.0
vanimo,100.0,PG,1578860705.0,86.0,-2.67,141.3,80.13,12.55
egvekinot,100.0,RU,1578861129.0,95.0,66.32,-179.17,13.3,9.42
durban,20.0,ZA,1578860875.0,88.0,-29.86,31.03,80.01,3.36
sechura,13.0,PE,1578861129.0,88.0,-5.56,-80.82,70.29,17.65
tiarei,75.0,PF,1578861130.0,70.0,-17.53,-149.33,84.2,5.82
damietta,0.0,EG,1578861130.0,71.0,31.42,31.81,57.2,4.7
loandjili,20.0,CG,1578861130.0,74.0,-4.76,11.86,82.4,4.7
hirado,75.0,JP,1578861130.0,70.0,33.36,129.55,46.4,16.11
sibolga,100.0,ID,1578861131.0,94.0,1.74,98.78,70.14,2.62
chekhov,90.0,RU,1578861131.0,92.0,55.14,37.47,32.0,13.42
sorland,20.0,NO,1578860750.0,80.0,67.67,12.69,37.4,4.7
mahenge,47.0,TZ,1578861131.0,83.0,-8.68,36.72,70.7,1.1
tessalit,0.0,ML,1578861131.0,32.0,20.2,1.01,56.25,15.12
kawhia,48.0,NZ,1578861132.0,50.0,-38.07,174.82,70.0,1.01
ciudad guayana,43.0,VE,1578861132.0,45.0,8.35,-62.65,86.43,8.03
grand gaube,75.0,MU,1578860662.0,78.0,-20.01,57.66,80.6,5.82
conceicao do araguaia,0.0,BR,1578861132.0,79.0,-8.26,-49.26,81.28,4.34
courtenay,75.0,CA,1578861132.0,96.0,49.69,-124.99,41.0,23.04
abilene,1.0,US,1578860985.0,27.0,32.45,-99.73,66.0,9.17
mount gambier,0.0,AU,1578860681.0,100.0,-37.83,140.77,48.2,5.82
sisimiut,0.0,GL,1578861133.0,47.0,66.94,-53.67,-2.54,12.1
nelson bay,20.0,AU,1578861133.0,88.0,-32.72,152.15,70.0,2.48
sarkand,93.0,KZ,1578861133.0,83.0,45.41,79.92,24.1,1.77
formosa,90.0,AR,1578861134.0,74.0,-26.18,-58.18,86.0,6.93
road town,40.0,VG,1578860658.0,69.0,18.42,-64.62,82.4,16.11
maningrida,71.0,AU,1578861134.0,74.0,-12.07,134.27,83.28,6.46
portlethen,94.0,GB,1578861134.0,80.0,57.05,-2.13,39.0,6.93
ola,90.0,RU,1578861005.0,72.0,59.58,151.28,-10.17,8.3
pacific grove,1.0,US,1578861135.0,50.0,36.62,-121.92,57.0,5.82
gostyn,75.0,PL,1578861135.0,77.0,51.88,17.01,39.99,10.29
abu zabad,0.0,SD,1578861135.0,17.0,12.35,29.25,59.88,10.92
lebanon,90.0,US,1578861072.0,71.0,36.21,-86.29,57.2,6.93
batagay-alyta,18.0,RU,1578861135.0,68.0,67.8,130.41,-26.14,5.57
adeje,20.0,ES,1578861136.0,59.0,28.12,-16.73,64.4,17.22
koulikoro,0.0,ML,1578861136.0,12.0,14.0,-7.75,72.43,11.27
mtambile,47.0,TZ,1578861136.0,80.0,-5.38,39.7,83.07,9.69
mackenzie,90.0,CA,1578860943.0,63.0,55.3,-123.17,-11.2,5.82
mazagao,75.0,BR,1578861136.0,83.0,-0.12,-51.29,82.4,4.7
maniitsoq,21.0,GL,1578860719.0,59.0,65.42,-52.9,6.78,9.51
jalu,55.0,LY,1578861137.0,42.0,29.03,21.55,54.1,10.2
wajid,8.0,SO,1578861137.0,53.0,3.81,43.25,81.64,9.6
podbrdo,0.0,BA,1578861137.0,92.0,44.44,17.01,26.6,2.24
tello,75.0,CO,1578861137.0,38.0,3.07,-75.14,93.2,6.93
rocha,0.0,UY,1578860846.0,49.0,-34.48,-54.33,70.79,13.89
port hardy,40.0,CA,1578860681.0,54.0,50.7,-127.42,30.2,14.99
saint-georges,40.0,GD,1578861094.0,66.0,12.06,-61.75,84.2,20.8
dombarovskiy,86.0,RU,1578861138.0,99.0,50.76,59.54,4.46,6.91
arman,0.0,RU,1578861139.0,79.0,59.7,150.17,-2.81,8.72
muli,69.0,MV,1578861139.0,81.0,2.92,73.57,80.33,16.89
quesnel,90.0,CA,1578861047.0,64.0,53.0,-122.5,-2.2,21.92
bloomingdale,75.0,US,1578861020.0,62.0,27.89,-82.24,86.0,8.05
flinders,87.0,AU,1578860710.0,100.0,-34.58,150.86,66.0,8.81
twin falls,90.0,US,1578861140.0,72.0,42.56,-114.46,34.0,17.22
ojo de agua,5.0,HN,1578861140.0,50.0,14.02,-86.35,79.63,10.51
ilebo,2.0,CD,1578861140.0,79.0,-4.32,20.58,72.46,1.32
anshun,21.0,CN,1578861140.0,91.0,26.25,105.93,42.12,4.18
severnoye,96.0,RU,1578861141.0,97.0,56.35,78.36,3.16,5.44
jambi,97.0,ID,1578861141.0,96.0,-1.6,103.62,73.78,2.26
yerbogachen,45.0,RU,1578860759.0,97.0,61.28,108.01,-8.59,7.81
nemuro,100.0,JP,1578861141.0,82.0,43.32,145.57,29.21,4.81
shingu,0.0,JP,1578861142.0,65.0,33.73,135.98,47.53,24.34
cururupu,0.0,BR,1578861142.0,74.0,-1.83,-44.87,79.3,3.69
lapua,1.0,FI,1578861142.0,86.0,62.92,23.17,34.0,5.82
berlevag,75.0,NO,1578860702.0,79.0,70.86,29.09,26.6,20.8
nisia floresta,75.0,BR,1578861131.0,69.0,-6.09,-35.21,82.4,13.87
erzin,40.0,TR,1578861143.0,87.0,36.96,36.2,51.8,5.82
iisalmi,45.0,FI,1578861143.0,87.0,63.56,27.19,32.0,8.05
brightwater,94.0,NZ,1578861143.0,83.0,-41.38,173.12,69.01,3.89
gushikawa,90.0,JP,1578861143.0,76.0,26.35,127.87,60.8,12.35
bage,0.0,BR,1578861144.0,27.0,-31.33,-54.11,91.4,11.41
pirovskoye,50.0,RU,1578861144.0,92.0,57.63,92.27,0.5,5.53
altamont,90.0,US,1578861144.0,64.0,42.21,-121.74,37.99,13.87
lethem,0.0,GY,1578861144.0,33.0,3.38,-59.8,92.84,17.58
qaqortoq,0.0,GL,1578860943.0,38.0,60.72,-46.03,3.2,8.05
vidim,83.0,RU,1578860722.0,99.0,56.41,103.11,-8.46,4.45
eldorado,74.0,BR,1578861145.0,72.0,-23.79,-54.28,88.47,2.53
beloha,0.0,MG,1578860685.0,79.0,-25.17,45.05,75.02,12.17
buala,100.0,SB,1578861145.0,84.0,-8.14,159.59,81.5,10.76
beaverlodge,20.0,CA,1578861146.0,68.0,55.22,-119.44,-20.2,10.29
hualmay,20.0,PE,1578860722.0,63.0,-11.1,-77.61,75.13,9.4
muroto,0.0,JP,1578860670.0,79.0,33.28,134.15,34.97,3.87
masaka,95.0,UG,1578861146.0,90.0,-0.33,31.73,63.63,4.18
valparaiso,9.0,CL,1578860741.0,64.0,-33.04,-71.63,68.0,9.17
ampanihy,0.0,MG,1578861147.0,62.0,-24.7,44.75,79.41,6.62
sinnamary,4.0,GF,1578860716.0,79.0,5.38,-52.95,79.75,19.53
abu kamal,98.0,SY,1578861147.0,69.0,34.45,40.92,52.74,7.23
odweyne,0.0,SO,1578861147.0,71.0,9.41,45.06,65.98,15.43
brae,100.0,GB,1578861147.0,80.0,60.4,-1.35,41.0,26.4
laguna,1.0,US,1578860769.0,76.0,38.42,-121.42,55.99,3.36
painesville,90.0,US,1578861148.0,70.0,41.72,-81.25,36.0,5.82
perth,0.0,AU,1578860752.0,59.0,-31.93,115.83,68.0,12.75
oneida,90.0,US,1578861148.0,92.0,43.2,-75.47,32.0,20.8
burlington,1.0,US,1578861149.0,39.0,39.88,-74.64,66.2,14.99
bluefields,40.0,NI,1578861149.0,74.0,12.01,-83.76,86.0,9.17
aykhal,77.0,RU,1578861149.0,91.0,66.0,111.5,1.4,11.18
wasilla,90.0,US,1578861024.0,92.0,61.58,-149.44,12.99,5.82
kjollefjord,90.0,NO,1578861150.0,86.0,70.95,27.35,28.4,13.87
bonito,98.0,BR,1578861150.0,82.0,-21.12,-56.48,79.79,7.61
shache,40.0,CN,1578861150.0,67.0,38.42,77.24,19.83,2.53
kavaratti,0.0,IN,1578860672.0,68.0,10.57,72.64,81.39,6.2
alamor,75.0,EC,1578861151.0,62.0,-4.02,-80.02,89.6,5.82
kannur,0.0,IN,1578861151.0,94.0,11.87,75.36,71.6,5.82
fukue,75.0,JP,1578861151.0,69.0,32.69,128.84,46.4,16.11
carbonear,90.0,CA,1578861151.0,78.0,47.73,-53.21,21.0,9.17
gandajika,74.0,CD,1578861151.0,96.0,-6.75,23.95,67.37,1.07
limbang,75.0,MY,1578860737.0,88.0,4.75,115.0,77.0,1.12
prachin buri,42.0,TH,1578861152.0,73.0,14.05,101.37,76.41,1.19
canakkale,75.0,TR,1578861152.0,87.0,40.08,26.83,46.4,11.41
kieta,100.0,PG,1578861152.0,79.0,-6.22,155.63,80.19,4.7
krasnogorodsk,100.0,RU,1578861153.0,89.0,56.83,28.28,39.7,12.57
hovd,86.0,MN,1578860761.0,91.0,48.01,91.64,-10.61,1.7
ajdabiya,16.0,LY,1578860910.0,55.0,30.76,20.23,59.05,16.69
sakakah,36.0,SA,1578861153.0,45.0,29.97,40.21,44.6,5.82
meulaboh,30.0,ID,1578861153.0,80.0,4.14,96.13,80.53,8.25
iqaluit,75.0,CA,1578860671.0,63.0,63.75,-68.51,-11.2,13.87
syasstroy,54.0,RU,1578861154.0,93.0,60.14,32.57,34.72,6.87
amuntai,100.0,ID,1578860686.0,95.0,-2.42,115.25,72.97,1.07
yelnya,100.0,RU,1578861154.0,96.0,54.58,33.18,32.25,15.82
lower hutt,100.0,NZ,1578861154.0,93.0,-41.22,174.92,57.2,13.87
guarapari,20.0,BR,1578861155.0,74.0,-20.67,-40.5,88.0,14.99
srednekolymsk,100.0,RU,1578860683.0,98.0,67.45,153.68,-12.51,5.7
payo,99.0,ID,1578861155.0,96.0,-3.75,103.64,66.65,2.62
yazoo city,1.0,US,1578861155.0,82.0,32.86,-90.41,60.01,6.93
vuktyl,100.0,RU,1578861155.0,93.0,63.86,57.31,19.31,14.99
lagoa,67.0,PT,1578860739.0,68.0,39.05,-27.98,58.1,23.38
blahodatne,98.0,UA,1578861156.0,83.0,50.66,24.25,33.39,13.67
charters towers,37.0,AU,1578861156.0,73.0,-20.1,146.27,76.57,7.07
solnechnyy,99.0,RU,1578861156.0,98.0,50.72,136.63,-4.36,0.63
rumoi,100.0,JP,1578861157.0,75.0,43.93,141.64,27.01,12.1
blackwater,25.0,AU,1578861157.0,81.0,-23.58,148.88,75.31,16.49
